creator_id,platform,niche,region,followers,posting_freq_weekly,engagement_rate,wellbeing_score,monetization_tier,sustainability_score,followers_log,creative_sector_employment,avg_creative_earnings_eur,digital_export_intensity
CR_0000,Instagram,Education,US,59481,7.8,5.6,7.8,Hobbyist,7.3,4.77,200000,65000,0.95
CR_0001,Instagram,Comedy,EU-East,16705,10.7,4.89,5.4,Growing,4.43,4.22,20000,35000,0.5
CR_0002,TikTok,Lifestyle,IE-East,80448,1.0,3.59,6.1,Hobbyist,6.68,4.91,15000,45000,0.8
CR_0003,TikTok,Lifestyle,EU-West,463267,6.7,2.53,5.9,Growing,1.71,5.67,50000,55000,0.9
CR_0004,TikTok,Lifestyle,IE-East,13789,3.0,4.55,6.8,Hobbyist,7.6,4.14,15000,45000,0.8
CR_0005,TikTok,Gaming,IE-East,13790,3.5,4.09,6.3,Growing,6.43,4.14,15000,45000,0.8
CR_0006,YouTube,Gaming,EU-West,518360,3.2,4.84,8.1,Growing,8.08,5.71,50000,55000,0.9
CR_0007,YouTube,Education,EU-West,102218,2.4,4.45,8.6,Hobbyist,7.7,5.01,50000,55000,0.9
CR_0008,TikTok,Art,IE-East,8613,5.1,5.07,7.0,Pro,7.59,3.94,15000,45000,0.8
CR_0009,TikTok,Art,IE-East,65193,2.5,2.7,9.2,Pro,4.15,4.81,15000,45000,0.8
CR_0010,Instagram,Art,US,8718,5.8,5.48,5.2,Hobbyist,8.06,3.94,200000,65000,0.95
CR_0011,Instagram,Comedy,IE-East,8677,4.8,3.8,6.5,Hobbyist,5.2,3.94,15000,45000,0.8
CR_0012,TikTok,Comedy,IE-South,35736,4.3,6.61,6.0,Hobbyist,11.07,4.55,8000,42000,0.6
CR_0015,TikTok,Art,IE-East,7153,7.3,3.8,6.2,Growing,3.95,3.85,15000,45000,0.8
CR_0016,TikTok,Art,IE-South,2905,6.5,2.52,8.2,Growing,1.79,3.46,8000,42000,0.6
CR_0017,YouTube,Lifestyle,EU-East,41294,2.1,2.77,8.0,Hobbyist,4.49,4.62,20000,35000,0.5
CR_0018,Twitch,Comedy,EU-West,3582,5.3,3.02,4.9,Pro,3.39,3.55,50000,55000,0.9
CR_0019,Instagram,Gaming,EU-West,1306,7.3,4.14,9.2,Hobbyist,4.63,3.12,50000,55000,0.9
CR_0020,TikTok,Gaming,US,413039,1.0,4.28,9.2,Growing,8.06,5.62,200000,65000,0.95
CR_0021,TikTok,Lifestyle,EU-East,14022,6.6,2.64,6.9,Growing,1.98,4.15,20000,35000,0.5
CR_0022,YouTube,Lifestyle,IE-South,25211,3.0,3.46,6.6,Pro,5.42,4.4,8000,42000,0.6
CR_0023,YouTube,Lifestyle,IE-South,1274,6.7,6.71,5.5,Hobbyist,10.07,3.11,8000,42000,0.6
CR_0024,TikTok,Gaming,EU-West,7414,2.7,6.09,6.7,Hobbyist,10.83,3.87,50000,55000,0.9
CR_0025,Instagram,Art,EU-West,27497,1.0,4.15,9.0,Growing,7.8,4.44,50000,55000,0.9
CR_0026,Instagram,Lifestyle,EU-West,2203,1.0,3.56,10.0,Pro,6.62,3.34,50000,55000,0.9
CR_0027,Instagram,Education,EU-West,46695,5.1,3.68,9.0,Pro,4.81,4.67,50000,55000,0.9
CR_0028,Instagram,Lifestyle,IE-East,6625,5.8,4.42,6.0,Growing,5.94,3.82,15000,45000,0.8
CR_0029,Instagram,Tech,IE-South,12290,2.3,1.97,5.1,Hobbyist,2.79,4.09,8000,42000,0.6
CR_0030,YouTube,Lifestyle,IE-East,6611,6.9,3.11,6.4,Pro,2.77,3.82,15000,45000,0.8
CR_0031,Instagram,Gaming,IE-East,894979,1.0,1.0,4.2,Hobbyist,1.5,5.95,15000,45000,0.8
CR_0032,TikTok,Comedy,IE-East,21439,4.8,4.1,7.3,Pro,5.8,4.33,15000,45000,0.8
CR_0033,Instagram,Lifestyle,EU-West,2656,1.4,4.47,7.1,Pro,8.24,3.42,50000,55000,0.9
CR_0034,TikTok,Comedy,EU-West,114129,3.0,2.78,6.2,Pro,4.06,5.06,50000,55000,0.9
CR_0035,Instagram,Tech,IE-East,1916,5.1,5.86,4.6,Pro,9.17,3.28,15000,45000,0.8
CR_0036,TikTok,Education,IE-South,33447,2.4,1.66,7.4,Growing,2.12,4.52,8000,42000,0.6
CR_0038,TikTok,Art,IE-East,1546,8.0,3.84,4.5,Growing,3.68,3.19,15000,45000,0.8
CR_0039,TikTok,Lifestyle,EU-West,32653,3.3,5.07,2.8,Hobbyist,8.49,4.51,50000,55000,0.9
CR_0040,Instagram,Tech,EU-East,96464,7.5,6.03,6.7,Hobbyist,8.31,4.98,20000,35000,0.5
CR_0041,Instagram,Tech,EU-East,31030,1.6,2.81,9.8,Hobbyist,4.82,4.49,20000,35000,0.5
CR_0042,YouTube,Comedy,EU-West,17478,6.6,5.12,9.2,Hobbyist,6.94,4.24,50000,55000,0.9
CR_0043,TikTok,Education,EU-West,12061,9.3,3.44,5.2,Growing,2.23,4.08,50000,55000,0.9
CR_0044,TikTok,Gaming,IE-East,1144,1.0,3.24,6.4,Hobbyist,5.98,3.06,15000,45000,0.8
CR_0045,TikTok,Lifestyle,IE-East,5220,2.6,4.83,7.9,Pro,8.36,3.72,15000,45000,0.8
CR_0046,TikTok,Tech,IE-East,8766,6.7,4.48,5.1,Growing,5.61,3.94,15000,45000,0.8
CR_0047,Instagram,Education,US,182452,4.4,1.14,5.6,Growing,0.08,5.26,200000,65000,0.95
CR_0048,TikTok,Art,IE-East,43793,6.1,5.71,8.0,Growing,8.37,4.64,15000,45000,0.8
CR_0050,TikTok,Education,US,42115,5.3,2.56,6.1,Pro,2.47,4.62,200000,65000,0.95
CR_0051,TikTok,Gaming,US,10196,4.5,4.09,6.5,Hobbyist,5.93,4.01,200000,65000,0.95
CR_0052,YouTube,Gaming,EU-East,5688,8.5,4.24,5.0,Hobbyist,4.23,3.75,20000,35000,0.5
CR_0053,Instagram,Tech,IE-East,74858,5.8,3.89,5.4,Growing,4.88,4.87,15000,45000,0.8
CR_0054,TikTok,Tech,IE-East,173164,6.0,2.67,5.8,Hobbyist,2.34,5.24,15000,45000,0.8
CR_0055,TikTok,Comedy,IE-South,141854,3.8,2.49,7.1,Hobbyist,3.08,5.15,8000,42000,0.6
CR_0056,TikTok,Lifestyle,IE-East,4111,3.5,3.46,8.3,Hobbyist,5.17,3.61,15000,45000,0.8
CR_0057,TikTok,Education,IE-East,11867,3.7,5.26,5.9,Pro,8.67,4.07,15000,45000,0.8
CR_0058,TikTok,Tech,IE-South,42724,6.2,4.32,8.9,Growing,5.54,4.63,8000,42000,0.6
CR_0059,Twitch,Lifestyle,US,154986,3.7,2.94,6.3,Growing,4.03,5.19,200000,65000,0.95
CR_0060,Instagram,Comedy,IE-South,8447,5.9,4.66,6.7,Pro,6.37,3.93,8000,42000,0.6
CR_0061,YouTube,Lifestyle,EU-West,15194,11.2,0.1,3.4,Growing,0.0,4.18,50000,55000,0.9
CR_0062,YouTube,Tech,EU-West,2409,7.6,5.22,3.0,Growing,6.64,3.38,50000,55000,0.9
CR_0063,YouTube,Gaming,IE-East,2013,4.0,0.89,6.1,Growing,0.0,3.3,15000,45000,0.8
CR_0064,YouTube,Education,EU-West,111865,8.6,2.96,6.9,Growing,1.62,5.05,50000,55000,0.9
CR_0065,Instagram,Education,IE-East,331863,3.8,1.82,5.8,Hobbyist,1.74,5.52,15000,45000,0.8
CR_0066,Instagram,Gaming,IE-East,19072,1.0,1.56,7.2,Hobbyist,2.62,4.28,15000,45000,0.8
CR_0067,TikTok,Tech,EU-East,163908,2.0,5.24,8.0,Growing,9.48,5.21,20000,35000,0.5
CR_0068,YouTube,Education,IE-East,45400,1.0,2.8,4.9,Pro,5.1,4.66,15000,45000,0.8
CR_0069,YouTube,Tech,US,6061,3.9,4.02,6.1,Pro,6.09,3.78,200000,65000,0.95
CR_0070,Instagram,Comedy,IE-East,45378,5.1,3.43,7.8,Pro,4.31,4.66,15000,45000,0.8
CR_0071,Instagram,Tech,EU-West,477382,10.0,4.22,4.2,Pro,3.44,5.68,50000,55000,0.9
CR_0072,YouTube,Lifestyle,IE-South,20503,6.0,3.62,6.9,Growing,4.24,4.31,8000,42000,0.6
CR_0073,TikTok,Gaming,IE-East,503473,4.3,1.58,3.8,Growing,1.01,5.7,15000,45000,0.8
CR_0075,TikTok,Comedy,EU-West,113983,1.0,2.76,7.2,Growing,5.02,5.06,50000,55000,0.9
CR_0076,TikTok,Art,US,26215,5.7,1.17,2.2,Pro,0.0,4.42,200000,65000,0.95
CR_0077,TikTok,Gaming,US,12112,7.3,2.86,7.7,Pro,2.07,4.08,200000,65000,0.95
CR_0078,Instagram,Education,IE-South,26463,1.0,5.75,6.3,Growing,11.0,4.42,8000,42000,0.6
CR_0080,TikTok,Education,EU-West,14195,6.0,2.98,6.6,Growing,2.96,4.15,50000,55000,0.9
CR_0081,Instagram,Comedy,EU-East,44991,3.8,2.98,8.5,Pro,4.06,4.65,20000,35000,0.5
CR_0082,TikTok,Comedy,IE-South,423279,6.9,3.02,4.6,Hobbyist,2.59,5.63,8000,42000,0.6
CR_0083,YouTube,Education,EU-West,7812,11.8,6.62,6.5,Hobbyist,7.34,3.89,50000,55000,0.9
CR_0084,YouTube,Gaming,US,4372,5.5,4.07,7.3,Hobbyist,5.39,3.64,200000,65000,0.95
CR_0085,TikTok,Education,IE-South,8074,5.7,4.15,7.7,Hobbyist,5.45,3.91,8000,42000,0.6
CR_0086,Instagram,Tech,US,137420,3.6,5.05,7.3,Hobbyist,8.3,5.14,200000,65000,0.95
CR_0087,TikTok,Education,EU-West,42510,2.5,3.86,6.6,Growing,6.47,4.63,50000,55000,0.9
CR_0088,YouTube,Lifestyle,IE-East,7634,7.5,3.11,4.8,Hobbyist,2.47,3.88,15000,45000,0.8
CR_0089,YouTube,Lifestyle,IE-East,61484,2.4,3.21,7.2,Pro,5.22,4.79,15000,45000,0.8
CR_0090,Instagram,Art,IE-South,26746,5.2,3.39,5.0,Growing,4.18,4.43,8000,42000,0.6
CR_0091,Instagram,Lifestyle,EU-West,152861,3.6,3.44,2.5,Growing,5.08,5.18,50000,55000,0.9
CR_0092,TikTok,Education,US,5409,6.4,4.59,7.3,Pro,5.98,3.73,200000,65000,0.95
CR_0093,TikTok,Lifestyle,IE-East,11437,6.0,3.58,7.9,Hobbyist,4.16,4.06,15000,45000,0.8
CR_0094,Instagram,Gaming,US,10054,8.1,4.6,2.9,Pro,5.15,4.0,200000,65000,0.95
CR_0095,YouTube,Lifestyle,US,1179,3.5,3.38,5.4,Growing,5.01,3.07,200000,65000,0.95
CR_0096,Instagram,Tech,IE-East,39824,4.2,3.62,7.7,Pro,5.14,4.6,15000,45000,0.8
CR_0097,Instagram,Gaming,US,37127,2.1,0.5,8.1,Hobbyist,0.0,4.57,200000,65000,0.95
CR_0098,Instagram,Art,US,22252,3.7,4.87,7.1,Hobbyist,7.89,4.35,200000,65000,0.95
CR_0099,YouTube,Tech,EU-East,13777,6.1,4.02,5.5,Pro,4.99,4.14,20000,35000,0.5
CR_0100,TikTok,Education,EU-East,1298,7.3,5.0,6.3,Growing,6.35,3.11,20000,35000,0.5
CR_0101,Instagram,Education,US,9496,2.2,0.1,6.6,Hobbyist,0.0,3.98,200000,65000,0.95
CR_0102,YouTube,Education,EU-West,11098,7.6,6.63,5.8,Hobbyist,9.46,4.05,50000,55000,0.9
CR_0103,TikTok,Tech,IE-South,4426,9.1,3.29,4.6,Pro,2.03,3.65,8000,42000,0.6
CR_0104,Instagram,Tech,US,15953,6.2,5.16,6.1,Hobbyist,7.22,4.2,200000,65000,0.95
CR_0105,Instagram,Tech,EU-West,49419,10.6,1.94,3.1,Pro,0.0,4.69,50000,55000,0.9
CR_0106,YouTube,Gaming,EU-West,957778,2.7,4.42,7.3,Hobbyist,7.49,5.98,50000,55000,0.9
CR_0107,TikTok,Comedy,IE-East,31230,1.3,1.92,9.5,Pro,3.19,4.49,15000,45000,0.8
CR_0108,TikTok,Gaming,EU-East,36868,1.0,2.56,7.8,Growing,4.62,4.57,20000,35000,0.5
CR_0109,Instagram,Education,IE-East,18979,9.5,6.37,6.2,Pro,7.99,4.28,15000,45000,0.8
CR_0111,TikTok,Lifestyle,IE-South,20888,4.8,3.83,4.4,Growing,5.26,4.32,8000,42000,0.6
CR_0112,TikTok,Education,IE-East,24846,5.8,4.81,8.1,Growing,6.72,4.4,15000,45000,0.8
CR_0113,Instagram,Art,IE-South,3037314,1.6,4.24,7.2,Hobbyist,7.68,6.48,8000,42000,0.6
CR_0114,TikTok,Gaming,IE-East,14992,12.3,3.73,5.3,Pro,1.31,4.18,15000,45000,0.8
CR_0115,YouTube,Tech,EU-West,40259,5.4,4.05,10.0,Hobbyist,5.4,4.6,50000,55000,0.9
CR_0116,Twitch,Gaming,US,20549,5.3,7.11,7.5,Growing,11.57,4.31,200000,65000,0.95
CR_0117,TikTok,Tech,US,2127,7.2,3.41,5.1,Hobbyist,3.22,3.33,200000,65000,0.95
CR_0118,Instagram,Comedy,IE-East,216564,6.4,3.8,5.8,Hobbyist,4.4,5.34,15000,45000,0.8
CR_0119,TikTok,Art,IE-East,99098,5.7,5.08,8.5,Growing,7.31,5.0,15000,45000,0.8
CR_0120,TikTok,Comedy,US,107158,2.6,5.16,7.4,Pro,9.02,5.03,200000,65000,0.95
CR_0121,Instagram,Art,US,3573,6.4,5.28,4.6,Pro,7.36,3.55,200000,65000,0.95
CR_0122,YouTube,Gaming,IE-South,364247,10.6,4.46,7.5,Growing,3.62,5.56,8000,42000,0.6
CR_0123,Twitch,Tech,IE-South,1334,9.0,1.79,3.5,Growing,0.0,3.13,8000,42000,0.6
CR_0124,YouTube,Comedy,IE-South,71233,9.8,5.95,9.3,Growing,7.0,4.85,8000,42000,0.6
CR_0125,TikTok,Art,US,1760152,3.5,1.78,7.9,Pro,1.81,6.25,200000,65000,0.95
CR_0126,TikTok,Education,EU-West,3037,2.0,3.95,6.5,Hobbyist,6.9,3.48,50000,55000,0.9
CR_0127,TikTok,Education,IE-East,7096,4.6,2.37,8.3,Pro,2.44,3.85,15000,45000,0.8
CR_0128,TikTok,Comedy,IE-East,26884,5.2,3.4,6.7,Pro,4.2,4.43,15000,45000,0.8
CR_0129,TikTok,Tech,US,8046,8.3,3.99,7.5,Pro,3.83,3.91,200000,65000,0.95
CR_0131,YouTube,Gaming,IE-South,25263,9.6,4.13,4.8,Growing,3.46,4.4,8000,42000,0.6
CR_0132,Instagram,Art,EU-West,2631,4.5,5.92,6.1,Pro,9.59,3.42,50000,55000,0.9
CR_0133,Instagram,Gaming,IE-East,56793,3.7,4.18,8.5,Pro,6.51,4.75,15000,45000,0.8
CR_0134,Instagram,Education,IE-East,3502,2.0,3.13,6.6,Growing,5.26,3.54,15000,45000,0.8
CR_0135,TikTok,Art,US,488878,1.0,4.95,6.8,Hobbyist,9.4,5.69,200000,65000,0.95
CR_0136,TikTok,Comedy,US,4598,7.5,5.28,5.2,Growing,6.81,3.66,200000,65000,0.95
CR_0137,Instagram,Gaming,US,11566,5.2,1.66,6.3,Pro,0.72,4.06,200000,65000,0.95
CR_0138,YouTube,Lifestyle,US,112087,1.1,4.4,10.0,Hobbyist,8.25,5.05,200000,65000,0.95
CR_0139,TikTok,Tech,EU-West,1878,1.1,4.55,5.8,Hobbyist,8.55,3.27,50000,55000,0.9
CR_0140,Instagram,Tech,US,34714,4.0,3.05,6.7,Growing,4.1,4.54,200000,65000,0.95
CR_0141,Instagram,Lifestyle,IE-South,300825,10.0,5.56,8.5,Growing,6.12,5.48,8000,42000,0.6
CR_0143,TikTok,Art,US,31865,1.0,3.69,8.0,Growing,6.88,4.5,200000,65000,0.95
CR_0144,Instagram,Tech,IE-East,37040,4.3,3.24,5.1,Growing,4.33,4.57,15000,45000,0.8
CR_0145,YouTube,Lifestyle,IE-South,105202,4.2,3.52,7.4,Pro,4.94,5.02,8000,42000,0.6
CR_0146,Instagram,Comedy,IE-South,1855,1.0,1.86,6.9,Hobbyist,3.22,3.27,8000,42000,0.6
CR_0147,Instagram,Lifestyle,IE-East,1570,4.8,1.34,6.8,Hobbyist,0.28,3.2,15000,45000,0.8
CR_0148,Instagram,Education,IE-East,62560,4.3,5.89,8.8,Growing,9.63,4.8,15000,45000,0.8
CR_0149,YouTube,Education,US,39893,7.1,2.23,9.5,Hobbyist,0.91,4.6,200000,65000,0.95
CR_0150,TikTok,Gaming,US,36351,10.5,2.01,5.4,Growing,0.0,4.56,200000,65000,0.95
CR_0151,Instagram,Tech,IE-South,44041,8.4,0.27,5.0,Pro,0.0,4.64,8000,42000,0.6
CR_0152,Instagram,Gaming,IE-East,5653,4.2,2.54,6.8,Growing,2.98,3.75,15000,45000,0.8
CR_0153,Instagram,Lifestyle,IE-East,35049,1.7,1.52,6.3,Growing,2.19,4.54,15000,45000,0.8
CR_0154,TikTok,Art,US,39582,12.7,5.96,6.7,Hobbyist,5.57,4.6,200000,65000,0.95
CR_0155,TikTok,Art,IE-South,5277,5.2,5.01,6.4,Hobbyist,7.42,3.72,8000,42000,0.6
CR_0156,Instagram,Education,IE-South,919466,5.0,2.47,6.5,Hobbyist,2.44,5.96,8000,42000,0.6
CR_0157,Instagram,Art,IE-South,56821,4.9,6.88,9.0,Growing,11.31,4.75,8000,42000,0.6
CR_0158,Twitch,Art,IE-South,2033,5.6,4.97,5.3,Pro,7.14,3.31,8000,42000,0.6
CR_0159,Instagram,Art,IE-South,81887,4.6,3.01,8.3,Pro,3.72,4.91,8000,42000,0.6
CR_0160,YouTube,Lifestyle,US,3135,3.3,0.1,6.5,Hobbyist,0.0,3.5,200000,65000,0.95
CR_0161,Instagram,Art,EU-West,106315,3.4,6.94,7.0,Growing,12.18,5.03,50000,55000,0.9
CR_0162,Instagram,Comedy,EU-West,223505,4.9,1.42,2.2,Pro,0.39,5.35,50000,55000,0.9
CR_0163,YouTube,Art,IE-South,4266,3.4,1.03,4.6,Pro,0.36,3.63,8000,42000,0.6
CR_0164,Instagram,Art,EU-East,151259,2.9,5.03,9.1,Pro,8.61,5.18,20000,35000,0.5
CR_0165,TikTok,Gaming,EU-West,50290,5.3,7.16,7.0,Hobbyist,11.67,4.7,50000,55000,0.9
CR_0166,YouTube,Lifestyle,IE-East,114018,4.2,5.58,5.5,Hobbyist,9.06,5.06,15000,45000,0.8
CR_0167,Instagram,Education,EU-West,978314,9.5,4.35,5.4,Hobbyist,3.95,5.99,50000,55000,0.9
CR_0168,TikTok,Gaming,IE-East,13483,1.0,4.39,8.6,Growing,8.28,4.13,15000,45000,0.8
CR_0169,TikTok,Tech,US,4878,8.3,4.78,7.3,Pro,5.41,3.69,200000,65000,0.95
CR_0170,TikTok,Lifestyle,IE-South,3718,8.7,4.64,6.0,Pro,4.93,3.57,8000,42000,0.6
CR_0171,TikTok,Comedy,US,4308,1.0,3.92,6.8,Growing,7.34,3.63,200000,65000,0.95
CR_0172,TikTok,Lifestyle,IE-East,18878,4.0,3.66,6.3,Growing,5.32,4.28,15000,45000,0.8
CR_0173,YouTube,Tech,EU-East,43577,3.9,3.41,5.4,Growing,4.87,4.64,20000,35000,0.5
CR_0174,Twitch,Tech,EU-West,38306,1.0,2.37,9.7,Hobbyist,4.24,4.58,50000,55000,0.9
CR_0175,YouTube,Tech,EU-East,115193,2.7,3.08,6.5,Pro,4.81,5.06,20000,35000,0.5
CR_0176,TikTok,Education,IE-South,22606,1.7,0.96,8.3,Hobbyist,1.07,4.35,8000,42000,0.6
CR_0177,TikTok,Art,IE-South,403151,10.3,3.35,7.9,Growing,1.55,5.61,8000,42000,0.6
CR_0178,Instagram,Lifestyle,EU-East,12973,7.8,2.02,6.7,Pro,0.14,4.11,20000,35000,0.5
CR_0179,TikTok,Art,IE-East,5077544,8.8,1.84,4.0,Growing,0.0,6.71,15000,45000,0.8
CR_0180,Instagram,Art,IE-East,76982,7.2,3.77,7.0,Growing,3.94,4.89,15000,45000,0.8
CR_0181,Instagram,Comedy,EU-West,3966,1.6,5.59,7.3,Growing,10.38,3.6,50000,55000,0.9
CR_0182,Instagram,Tech,EU-West,2586,3.4,4.88,5.7,Growing,8.06,3.41,50000,55000,0.9
CR_0183,TikTok,Education,IE-East,57811,6.5,1.14,5.0,Pro,0.0,4.76,15000,45000,0.8
CR_0184,Instagram,Comedy,IE-East,14087,1.3,2.02,5.3,Hobbyist,3.39,4.15,15000,45000,0.8
CR_0185,TikTok,Gaming,IE-East,91858,7.1,4.91,8.4,Pro,6.27,4.96,15000,45000,0.8
CR_0186,Twitch,Education,EU-East,56753,4.3,2.03,5.5,Hobbyist,1.91,4.75,20000,35000,0.5
CR_0187,Instagram,Art,EU-West,19040,3.9,3.16,7.1,Growing,4.37,4.28,50000,55000,0.9
CR_0188,TikTok,Education,US,4049,7.1,4.33,6.9,Hobbyist,5.11,3.61,200000,65000,0.95
CR_0189,TikTok,Tech,US,1064,6.3,2.05,5.3,Pro,0.95,3.03,200000,65000,0.95
CR_0190,TikTok,Gaming,IE-South,9017,3.9,3.66,7.7,Hobbyist,5.37,3.96,8000,42000,0.6
CR_0191,Instagram,Tech,IE-East,122124,8.5,1.5,3.8,Pro,0.0,5.09,15000,45000,0.8
CR_0192,TikTok,Gaming,IE-East,33799,1.8,2.6,8.4,Pro,4.3,4.53,15000,45000,0.8
CR_0193,YouTube,Comedy,IE-East,1823,6.8,3.98,4.5,Hobbyist,4.56,3.26,15000,45000,0.8
CR_0194,TikTok,Art,US,31143,6.8,1.11,4.7,Growing,0.0,4.49,200000,65000,0.95
CR_0195,Instagram,Gaming,EU-West,47602,4.1,4.16,9.8,Hobbyist,6.27,4.68,50000,55000,0.9
CR_0196,Instagram,Gaming,IE-East,3760,6.0,3.47,5.0,Pro,3.94,3.58,15000,45000,0.8
CR_0197,Instagram,Gaming,IE-South,29954,1.2,4.33,6.3,Growing,8.06,4.48,8000,42000,0.6
CR_0198,Instagram,Education,EU-West,24745,7.8,3.84,7.1,Hobbyist,3.78,4.39,50000,55000,0.9
CR_0199,TikTok,Comedy,EU-West,2239,4.4,5.55,7.3,Pro,8.9,3.35,50000,55000,0.9
CR_0200,TikTok,Education,IE-East,45052,3.4,3.69,7.5,Pro,5.68,4.65,15000,45000,0.8
CR_0201,Instagram,Art,US,67613,8.1,2.86,6.5,Growing,1.67,4.83,200000,65000,0.95
CR_0202,TikTok,Gaming,EU-West,192163,2.9,3.68,8.0,Pro,5.91,5.28,50000,55000,0.9
CR_0203,YouTube,Comedy,IE-East,181244,1.0,4.31,9.0,Hobbyist,8.12,5.26,15000,45000,0.8
CR_0204,TikTok,Comedy,US,1400,1.0,3.57,7.9,Hobbyist,6.64,3.15,200000,65000,0.95
CR_0205,TikTok,Lifestyle,IE-East,3375,6.8,3.56,6.0,Pro,3.72,3.53,15000,45000,0.8
CR_0206,TikTok,Art,US,61701,1.2,2.45,8.2,Pro,4.3,4.79,200000,65000,0.95
CR_0207,Instagram,Comedy,US,61547,10.3,2.51,7.9,Growing,0.0,4.79,200000,65000,0.95
CR_0208,TikTok,Gaming,EU-East,61703,1.0,1.4,6.9,Growing,2.3,4.79,20000,35000,0.5
CR_0209,YouTube,Gaming,EU-East,48908559,10.1,6.12,5.0,Growing,7.19,7.69,20000,35000,0.5
CR_0210,TikTok,Comedy,IE-South,68994,5.6,1.63,7.1,Hobbyist,0.46,4.84,8000,42000,0.6
CR_0211,Instagram,Education,US,213444,4.7,2.46,6.2,Pro,2.57,5.33,200000,65000,0.95
CR_0212,TikTok,Art,EU-West,148450,3.4,2.42,3.4,Pro,3.14,5.17,50000,55000,0.9
CR_0213,Instagram,Gaming,EU-East,81046,6.2,4.84,8.0,Hobbyist,6.58,4.91,20000,35000,0.5
CR_0214,Instagram,Comedy,US,11724,4.9,3.06,5.7,Hobbyist,3.67,4.07,200000,65000,0.95
CR_0215,TikTok,Gaming,US,100502,8.3,5.37,6.4,Growing,6.59,5.0,200000,65000,0.95
CR_0216,Twitch,Comedy,US,4695,5.3,2.49,6.7,Hobbyist,2.33,3.67,200000,65000,0.95
CR_0217,Twitch,Art,IE-South,13716,5.5,3.92,6.9,Growing,5.09,4.14,8000,42000,0.6
CR_0218,Instagram,Comedy,US,8343,3.9,2.25,7.5,Pro,2.55,3.92,200000,65000,0.95
CR_0219,Instagram,Lifestyle,EU-West,25945,4.8,6.72,6.4,Growing,11.04,4.41,50000,55000,0.9
CR_0220,TikTok,Comedy,US,2256481,5.9,1.72,6.2,Growing,0.49,6.35,200000,65000,0.95
CR_0222,TikTok,Art,IE-South,86900,1.0,4.45,8.5,Pro,8.4,4.94,8000,42000,0.6
CR_0224,Twitch,Art,EU-West,8570,5.5,3.22,5.1,Hobbyist,3.69,3.93,50000,55000,0.9
CR_0225,TikTok,Lifestyle,EU-East,194444,4.4,3.31,8.3,Pro,4.42,5.29,20000,35000,0.5
CR_0226,Instagram,Art,IE-South,25048,5.1,3.57,5.8,Pro,4.59,4.4,8000,42000,0.6
CR_0227,Instagram,Gaming,EU-West,2551,6.0,3.28,7.6,Hobbyist,3.56,3.41,50000,55000,0.9
CR_0228,Instagram,Art,IE-South,5267,3.4,4.95,7.6,Hobbyist,8.2,3.72,8000,42000,0.6
CR_0229,Twitch,Lifestyle,US,85750,2.7,6.82,10.0,Pro,12.29,4.93,200000,65000,0.95
CR_0230,TikTok,Tech,IE-South,5111,5.6,2.66,5.9,Hobbyist,2.52,3.71,8000,42000,0.6
CR_0231,TikTok,Comedy,IE-East,33959,2.1,1.45,6.1,Pro,1.85,4.53,15000,45000,0.8
CR_0232,YouTube,Art,IE-East,24128,6.2,3.37,6.4,Hobbyist,3.64,4.38,15000,45000,0.8
CR_0233,TikTok,Comedy,IE-East,5983,1.0,7.37,7.0,Pro,14.24,3.78,15000,45000,0.8
CR_0234,TikTok,Education,IE-South,1603802,8.1,2.29,6.6,Hobbyist,0.53,6.21,8000,42000,0.6
CR_0235,TikTok,Gaming,IE-East,78263,6.4,5.96,4.4,Pro,8.72,4.89,15000,45000,0.8
CR_0237,YouTube,Education,US,31981,7.9,2.67,4.1,Hobbyist,1.39,4.5,200000,65000,0.95
CR_0238,TikTok,Education,US,5863,10.0,4.35,7.5,Hobbyist,3.7,3.77,200000,65000,0.95
CR_0239,Instagram,Art,IE-South,121159,8.0,5.94,9.3,Pro,7.88,5.08,8000,42000,0.6
CR_0240,TikTok,Education,US,4514,1.0,2.93,7.1,Growing,5.36,3.65,200000,65000,0.95
CR_0241,TikTok,Tech,IE-East,17509,1.2,3.19,7.0,Pro,5.78,4.24,15000,45000,0.8
CR_0242,Instagram,Comedy,EU-West,60474,3.1,2.63,6.9,Pro,3.71,4.78,50000,55000,0.9
CR_0243,Instagram,Comedy,EU-West,124431,5.1,1.98,7.7,Hobbyist,1.41,5.09,50000,55000,0.9
CR_0244,Instagram,Lifestyle,IE-South,1997,6.6,2.53,4.5,Pro,1.76,3.3,8000,42000,0.6
CR_0245,TikTok,Education,IE-South,11282,2.8,1.66,6.8,Growing,1.92,4.05,8000,42000,0.6
CR_0246,Instagram,Education,IE-South,8519,5.6,3.55,8.0,Hobbyist,4.3,3.93,8000,42000,0.6
CR_0247,Instagram,Tech,IE-South,5963,2.7,2.35,7.6,Hobbyist,3.35,3.78,8000,42000,0.6
CR_0248,YouTube,Gaming,EU-East,752313,3.2,3.85,7.3,Growing,6.1,5.88,20000,35000,0.5
CR_0249,Instagram,Gaming,IE-East,49511,1.0,1.17,8.5,Pro,1.84,4.69,15000,45000,0.8
CR_0250,Instagram,Comedy,IE-East,1769,2.2,4.0,3.1,Growing,6.9,3.25,15000,45000,0.8
CR_0251,YouTube,Comedy,IE-East,138098,1.0,4.75,8.4,Pro,9.0,5.14,15000,45000,0.8
CR_0252,YouTube,Art,IE-East,1535416,2.1,0.51,4.0,Hobbyist,0.0,6.19,15000,45000,0.8
CR_0253,Twitch,Tech,EU-West,173673,8.2,4.06,3.5,Growing,4.02,5.24,50000,55000,0.9
CR_0254,Instagram,Lifestyle,IE-East,1054,2.2,5.34,8.0,Hobbyist,9.58,3.02,15000,45000,0.8
CR_0255,YouTube,Lifestyle,US,8362,12.9,1.69,6.6,Growing,0.0,3.92,200000,65000,0.95
CR_0256,Instagram,Tech,IE-East,277568,6.5,6.01,6.6,Pro,8.77,5.44,15000,45000,0.8
CR_0257,TikTok,Lifestyle,IE-East,5348,5.6,4.13,8.1,Hobbyist,5.46,3.73,15000,45000,0.8
CR_0258,TikTok,Gaming,EU-West,53510,2.4,2.44,9.3,Hobbyist,3.68,4.73,50000,55000,0.9
CR_0259,YouTube,Lifestyle,IE-East,103701,7.1,3.42,8.2,Growing,3.29,5.02,15000,45000,0.8
CR_0260,Twitch,Lifestyle,EU-West,3450,3.3,4.34,9.5,Pro,7.03,3.54,50000,55000,0.9
CR_0261,Twitch,Tech,EU-West,19554,5.4,3.61,7.7,Pro,4.52,4.29,50000,55000,0.9
CR_0263,YouTube,Lifestyle,IE-East,2839,4.7,2.12,3.8,Hobbyist,1.89,3.45,15000,45000,0.8
CR_0264,TikTok,Education,IE-South,13291,8.4,3.75,5.8,Pro,3.3,4.12,8000,42000,0.6
CR_0265,Twitch,Tech,IE-East,1816,2.9,1.38,5.0,Pro,1.31,3.26,15000,45000,0.8
CR_0266,Twitch,Art,IE-East,576553,4.9,3.33,9.9,Hobbyist,4.21,5.76,15000,45000,0.8
CR_0267,Instagram,Art,IE-East,1261,10.3,2.14,4.3,Growing,0.0,3.1,15000,45000,0.8
CR_0268,Instagram,Gaming,IE-East,9135,3.1,2.4,6.9,Hobbyist,3.25,3.96,15000,45000,0.8
CR_0269,Instagram,Lifestyle,EU-West,28609,10.4,5.35,7.2,Growing,5.5,4.46,50000,55000,0.9
CR_0270,YouTube,Education,EU-West,393385,7.1,5.14,6.7,Growing,6.73,5.59,50000,55000,0.9
CR_0271,TikTok,Gaming,EU-West,1246,3.3,4.41,9.6,Hobbyist,7.17,3.1,50000,55000,0.9
CR_0272,YouTube,Lifestyle,IE-East,225556,6.9,1.86,4.3,Hobbyist,0.27,5.35,15000,45000,0.8
CR_0273,Instagram,Tech,IE-East,22481,7.9,3.03,6.2,Growing,2.11,4.35,15000,45000,0.8
CR_0274,Instagram,Art,US,3093,6.9,5.32,5.6,Hobbyist,7.19,3.49,200000,65000,0.95
CR_0275,TikTok,Comedy,EU-West,55503,1.0,3.71,5.4,Hobbyist,6.92,4.74,50000,55000,0.9
CR_0276,Twitch,Education,US,32797,2.8,6.98,6.3,Pro,12.56,4.52,200000,65000,0.95
CR_0277,TikTok,Comedy,IE-South,6631,4.3,4.09,6.8,Hobbyist,6.03,3.82,8000,42000,0.6
CR_0278,YouTube,Art,EU-West,25326,4.8,3.79,6.1,Pro,5.18,4.4,50000,55000,0.9
CR_0279,Instagram,Comedy,EU-West,10192,6.9,3.04,5.1,Pro,2.63,4.01,50000,55000,0.9
CR_0280,Instagram,Tech,IE-South,27640,5.5,3.7,4.5,Hobbyist,4.65,4.44,8000,42000,0.6
CR_0281,Instagram,Lifestyle,IE-South,82806,1.0,3.27,7.2,Hobbyist,6.04,4.92,8000,42000,0.6
CR_0282,TikTok,Tech,EU-West,525462,6.1,4.56,4.4,Pro,6.07,5.72,50000,55000,0.9
CR_0283,TikTok,Comedy,IE-East,1852,6.8,4.94,7.8,Hobbyist,6.48,3.27,15000,45000,0.8
CR_0284,Instagram,Tech,IE-South,1569184,6.7,2.32,5.9,Hobbyist,1.29,6.2,8000,42000,0.6
CR_0286,TikTok,Education,US,16259,7.5,0.75,4.0,Pro,0.0,4.21,200000,65000,0.95
CR_0287,Instagram,Tech,IE-South,71441,6.4,4.26,5.5,Growing,5.32,4.85,8000,42000,0.6
CR_0288,YouTube,Art,IE-South,38637,4.8,1.84,6.4,Hobbyist,1.28,4.59,8000,42000,0.6
CR_0289,Instagram,Education,IE-East,6339,1.0,0.27,7.3,Pro,0.04,3.8,15000,45000,0.8
CR_0290,Instagram,Lifestyle,EU-West,14526,6.3,4.08,3.8,Pro,5.01,4.16,50000,55000,0.9
CR_0291,TikTok,Comedy,IE-South,8217,5.6,7.24,7.2,Pro,11.68,3.91,8000,42000,0.6
CR_0292,TikTok,Lifestyle,US,6776,5.8,3.49,6.3,Growing,4.08,3.83,200000,65000,0.95
CR_0293,Instagram,Gaming,IE-South,120475,1.2,4.76,8.4,Hobbyist,8.92,5.08,8000,42000,0.6
CR_0294,Instagram,Art,IE-South,44982,1.8,3.62,7.5,Hobbyist,6.34,4.65,8000,42000,0.6
CR_0295,Instagram,Education,EU-West,5509,8.2,3.35,4.9,Pro,2.6,3.74,50000,55000,0.9
CR_0296,Instagram,Tech,US,133145,4.9,4.88,6.4,Pro,7.31,5.12,200000,65000,0.95
CR_0297,Instagram,Lifestyle,IE-South,40725,7.0,3.06,4.9,Pro,2.62,4.61,8000,42000,0.6
CR_0298,Twitch,Education,IE-South,111940,5.1,3.9,8.3,Pro,5.25,5.05,8000,42000,0.6
CR_0299,YouTube,Art,US,77594,5.1,3.98,6.8,Hobbyist,5.41,4.89,200000,65000,0.95
CR_0300,YouTube,Gaming,IE-East,4196,7.8,2.5,8.5,Pro,1.1,3.62,15000,45000,0.8
CR_0301,YouTube,Lifestyle,US,7184,3.5,4.99,7.0,Hobbyist,8.23,3.86,200000,65000,0.95
CR_0302,TikTok,Comedy,IE-East,98182,5.3,3.24,5.5,Hobbyist,3.83,4.99,15000,45000,0.8
CR_0303,YouTube,Education,EU-East,74663,3.6,2.37,4.3,Growing,2.94,4.87,20000,35000,0.5
CR_0304,TikTok,Comedy,EU-West,21124,3.7,4.3,4.3,Pro,6.75,4.32,50000,55000,0.9
CR_0305,Twitch,Education,IE-South,27851,4.1,2.15,4.0,Pro,2.25,4.44,8000,42000,0.6
CR_0306,YouTube,Education,US,283602,5.7,3.54,6.9,Pro,4.23,5.45,200000,65000,0.95
CR_0307,YouTube,Art,IE-East,6747,3.6,3.49,7.6,Growing,5.18,3.83,15000,45000,0.8
CR_0308,TikTok,Art,IE-East,65788,8.8,5.13,4.1,Pro,5.86,4.82,15000,45000,0.8
CR_0309,TikTok,Art,EU-West,14700,2.3,4.21,8.5,Pro,7.27,4.17,50000,55000,0.9
CR_0310,TikTok,Tech,IE-South,14251,4.4,3.46,6.0,Growing,4.72,4.15,8000,42000,0.6
CR_0311,YouTube,Education,EU-West,198303,3.7,4.73,7.3,Pro,7.61,5.3,50000,55000,0.9
CR_0312,TikTok,Lifestyle,IE-East,114786,9.3,5.59,8.9,Growing,6.53,5.06,15000,45000,0.8
CR_0313,Instagram,Comedy,IE-East,112085,5.6,4.34,8.1,Pro,5.88,5.05,15000,45000,0.8
CR_0314,Instagram,Art,IE-East,299826,8.1,3.52,5.7,Pro,2.99,5.48,15000,45000,0.8
CR_0315,Instagram,Art,IE-East,22971,1.0,1.53,5.8,Pro,2.56,4.36,15000,45000,0.8
CR_0316,Instagram,Comedy,IE-South,86155,5.8,1.9,2.4,Pro,0.9,4.94,8000,42000,0.6
CR_0317,TikTok,Comedy,EU-East,11842,7.7,3.04,4.9,Hobbyist,2.23,4.07,20000,35000,0.5
CR_0318,Instagram,Education,US,42122,5.2,2.59,6.0,Hobbyist,2.58,4.62,200000,65000,0.95
CR_0319,Instagram,Art,US,16978,8.2,3.22,4.5,Hobbyist,2.34,4.23,200000,65000,0.95
CR_0320,TikTok,Comedy,IE-East,26742,3.4,3.58,6.7,Pro,5.46,4.43,15000,45000,0.8
CR_0321,Instagram,Tech,IE-South,72425,9.2,4.29,6.3,Pro,3.98,4.86,8000,42000,0.6
CR_0322,TikTok,Tech,IE-East,4287,11.9,3.39,5.1,Pro,0.83,3.63,15000,45000,0.8
CR_0323,Instagram,Art,IE-East,1446669,3.9,4.23,6.0,Pro,6.51,6.16,15000,45000,0.8
CR_0324,Twitch,Comedy,EU-West,2945,3.7,3.6,7.1,Growing,5.35,3.47,50000,55000,0.9
CR_0325,TikTok,Education,IE-East,1942,9.4,0.54,5.2,Pro,0.0,3.29,15000,45000,0.8
CR_0326,Instagram,Education,IE-East,223288,9.7,2.09,3.1,Hobbyist,0.0,5.35,15000,45000,0.8
CR_0327,Instagram,Education,US,107293,3.4,3.28,9.0,Hobbyist,4.86,5.03,200000,65000,0.95
CR_0328,Twitch,Gaming,IE-South,76744,3.7,1.69,6.0,Pro,1.53,4.89,8000,42000,0.6
CR_0329,YouTube,Art,IE-South,77396,4.2,4.4,7.0,Pro,6.7,4.89,8000,42000,0.6
CR_0330,Instagram,Education,IE-East,21493,1.0,5.8,8.5,Growing,11.1,4.33,15000,45000,0.8
CR_0331,TikTok,Tech,IE-East,3660,2.2,5.33,7.6,Growing,9.56,3.56,15000,45000,0.8
CR_0332,TikTok,Comedy,US,25632,2.0,3.18,8.6,Hobbyist,5.36,4.41,200000,65000,0.95
CR_0333,TikTok,Lifestyle,IE-East,5685,2.7,5.74,7.6,Growing,10.13,3.75,15000,45000,0.8
CR_0334,Twitch,Lifestyle,IE-South,154854,4.9,3.72,5.8,Pro,4.99,5.19,8000,42000,0.6
CR_0335,Instagram,Education,IE-East,16413,5.7,2.99,6.9,Pro,3.13,4.22,15000,45000,0.8
CR_0336,Instagram,Lifestyle,IE-South,4225,9.7,2.58,3.5,Pro,0.31,3.63,8000,42000,0.6
CR_0337,Twitch,Lifestyle,IE-East,11582,2.0,3.05,7.3,Growing,5.1,4.06,15000,45000,0.8
CR_0338,TikTok,Gaming,US,50305,8.0,2.92,5.8,Growing,1.84,4.7,200000,65000,0.95
CR_0339,TikTok,Tech,US,7133,4.4,3.76,6.5,Hobbyist,5.32,3.85,200000,65000,0.95
CR_0340,TikTok,Tech,EU-East,4253,4.9,3.74,6.5,Pro,5.03,3.63,20000,35000,0.5
CR_0341,TikTok,Gaming,IE-East,35859,7.0,3.5,3.5,Pro,3.5,4.55,15000,45000,0.8
CR_0342,TikTok,Gaming,US,35951,1.6,4.16,6.4,Pro,7.52,4.56,200000,65000,0.95
CR_0343,YouTube,Lifestyle,EU-West,7991,6.1,5.29,6.9,Hobbyist,7.53,3.9,50000,55000,0.9
CR_0344,TikTok,Art,IE-South,8586,5.5,4.92,7.1,Hobbyist,7.09,3.93,8000,42000,0.6
CR_0345,TikTok,Comedy,EU-West,35034,6.5,1.27,3.0,Pro,0.0,4.54,50000,55000,0.9
CR_0346,TikTok,Comedy,IE-East,1216,5.9,0.1,6.4,Hobbyist,0.0,3.08,15000,45000,0.8
CR_0347,TikTok,Lifestyle,IE-East,1319,12.4,4.9,4.7,Hobbyist,3.6,3.12,15000,45000,0.8
CR_0348,Twitch,Comedy,EU-East,5234,3.1,1.45,7.7,Pro,1.35,3.72,20000,35000,0.5
CR_0349,Instagram,Gaming,IE-East,14372,3.4,3.16,7.5,Hobbyist,4.62,4.16,15000,45000,0.8
CR_0350,Twitch,Tech,EU-West,41020,3.1,1.74,5.5,Pro,1.93,4.61,50000,55000,0.9
CR_0351,YouTube,Comedy,IE-South,421136,3.3,0.8,7.7,Pro,0.0,5.62,8000,42000,0.6
CR_0352,TikTok,Lifestyle,US,122433,3.1,4.31,5.3,Pro,7.07,5.09,200000,65000,0.95
CR_0353,Instagram,Art,US,15996,8.6,4.64,7.8,Hobbyist,4.98,4.2,200000,65000,0.95
CR_0354,TikTok,Lifestyle,US,21204,9.3,2.64,6.9,Pro,0.63,4.33,200000,65000,0.95
CR_0355,TikTok,Education,IE-East,2965,3.3,0.1,3.5,Growing,0.0,3.47,15000,45000,0.8
CR_0356,TikTok,Lifestyle,IE-East,21225,2.5,2.68,9.0,Hobbyist,4.11,4.33,15000,45000,0.8
CR_0357,TikTok,Gaming,IE-South,12365,6.4,4.09,6.2,Growing,4.98,4.09,8000,42000,0.6
CR_0358,TikTok,Tech,IE-East,42000,3.3,1.28,6.4,Hobbyist,0.91,4.62,15000,45000,0.8
CR_0359,TikTok,Tech,IE-East,4211,6.9,3.78,6.8,Pro,4.11,3.62,15000,45000,0.8
CR_0360,Instagram,Comedy,EU-West,62236,5.6,3.48,6.3,Hobbyist,4.16,4.79,50000,55000,0.9
CR_0361,TikTok,Gaming,EU-West,472351,1.0,4.37,8.6,Hobbyist,8.24,5.67,50000,55000,0.9
CR_0362,TikTok,Education,US,17720,9.6,3.68,7.1,Hobbyist,2.56,4.25,200000,65000,0.95
CR_0363,Instagram,Gaming,IE-East,49188,10.4,2.04,1.9,Pro,0.0,4.69,15000,45000,0.8
CR_0364,TikTok,Lifestyle,IE-East,87578,3.2,5.29,9.1,Hobbyist,8.98,4.94,15000,45000,0.8
CR_0365,TikTok,Gaming,IE-East,9873,3.8,3.26,4.3,Pro,4.62,3.99,15000,45000,0.8
CR_0366,Instagram,Gaming,US,34481,5.9,3.46,8.0,Hobbyist,3.97,4.54,200000,65000,0.95
CR_0367,TikTok,Education,EU-East,22588,6.0,2.1,7.5,Hobbyist,1.2,4.35,20000,35000,0.5
CR_0368,TikTok,Lifestyle,US,26778,7.0,2.84,4.4,Hobbyist,2.18,4.43,200000,65000,0.95
CR_0369,YouTube,Art,US,4693,11.0,2.17,3.9,Pro,0.0,3.67,200000,65000,0.95
CR_0370,TikTok,Art,EU-West,23133,4.5,3.24,5.0,Growing,4.23,4.36,50000,55000,0.9
CR_0371,YouTube,Tech,IE-South,59634,2.6,6.07,6.9,Hobbyist,10.84,4.78,8000,42000,0.6
CR_0372,Instagram,Comedy,IE-South,401228,1.0,1.44,6.6,Growing,2.38,5.6,8000,42000,0.6
CR_0373,TikTok,Gaming,EU-West,150022,2.8,1.08,7.1,Pro,0.76,5.18,50000,55000,0.9
CR_0374,YouTube,Tech,IE-South,1633711,4.9,5.71,9.0,Pro,8.97,6.21,8000,42000,0.6
CR_0375,YouTube,Education,IE-South,4747,10.4,3.19,7.6,Pro,1.18,3.68,8000,42000,0.6
CR_0376,TikTok,Art,US,126076,3.4,2.5,5.8,Growing,3.3,5.1,200000,65000,0.95
CR_0377,Instagram,Gaming,US,31782,5.7,5.06,6.5,Hobbyist,7.27,4.5,200000,65000,0.95
CR_0378,TikTok,Education,EU-East,1757856,5.0,2.59,3.8,Hobbyist,2.68,6.24,20000,35000,0.5
CR_0379,YouTube,Comedy,EU-East,4373,8.6,6.24,5.5,Growing,8.18,3.64,20000,35000,0.5
CR_0380,TikTok,Education,EU-West,4107,12.6,4.52,7.3,Hobbyist,2.74,3.61,50000,55000,0.9
CR_0381,YouTube,Gaming,IE-East,6642,3.4,2.77,9.2,Hobbyist,3.84,3.82,15000,45000,0.8
CR_0383,Instagram,Education,EU-West,7696,8.1,2.59,4.7,Growing,1.13,3.89,50000,55000,0.9
CR_0384,TikTok,Comedy,EU-East,4825,7.0,4.61,6.5,Growing,5.72,3.68,20000,35000,0.5
CR_0385,YouTube,Gaming,IE-East,29756,10.5,3.95,6.3,Hobbyist,2.65,4.47,15000,45000,0.8
CR_0386,YouTube,Gaming,US,43630,6.8,5.45,5.5,Growing,7.5,4.64,200000,65000,0.95
CR_0387,Instagram,Comedy,IE-East,938784,3.9,5.84,7.7,Hobbyist,9.73,5.97,15000,45000,0.8
CR_0388,YouTube,Lifestyle,IE-East,147391,6.8,3.55,5.6,Pro,3.7,5.17,15000,45000,0.8
CR_0389,Instagram,Tech,EU-West,6947,8.3,2.37,5.4,Pro,0.59,3.84,50000,55000,0.9
CR_0390,Instagram,Education,IE-East,3652,7.5,4.19,7.2,Hobbyist,4.63,3.56,15000,45000,0.8
CR_0391,Instagram,Education,IE-East,58914,6.5,2.48,5.9,Hobbyist,1.71,4.77,15000,45000,0.8
CR_0392,TikTok,Lifestyle,IE-South,1571,8.2,6.52,6.1,Hobbyist,8.94,3.2,8000,42000,0.6
CR_0393,YouTube,Lifestyle,EU-East,858479,8.5,3.7,6.0,Hobbyist,3.15,5.93,20000,35000,0.5
CR_0394,Instagram,Lifestyle,IE-South,233020,9.1,2.95,5.5,Growing,1.35,5.37,8000,42000,0.6
CR_0395,Twitch,Art,EU-West,8618,6.9,3.78,5.8,Hobbyist,4.11,3.94,50000,55000,0.9
CR_0397,TikTok,Comedy,IE-East,330296,5.4,2.04,8.3,Hobbyist,1.38,5.52,15000,45000,0.8
CR_0398,TikTok,Art,US,17516,8.6,5.3,7.4,Growing,6.3,4.24,200000,65000,0.95
CR_0399,YouTube,Gaming,IE-East,261877,2.5,2.51,6.5,Growing,3.77,5.42,15000,45000,0.8
CR_0401,YouTube,Education,EU-West,6642,3.8,4.3,6.5,Growing,6.7,3.82,50000,55000,0.9
CR_0402,YouTube,Tech,US,22258,5.1,5.28,8.7,Hobbyist,8.01,4.35,200000,65000,0.95
CR_0403,Instagram,Gaming,IE-East,24196,8.8,4.58,6.9,Growing,4.76,4.38,15000,45000,0.8
CR_0404,TikTok,Education,IE-South,8954,5.6,4.99,6.7,Pro,7.18,3.95,8000,42000,0.6
CR_0405,Instagram,Education,IE-East,76550,5.1,2.36,6.9,Pro,2.17,4.88,15000,45000,0.8
CR_0406,YouTube,Comedy,IE-East,2603,1.0,1.37,4.7,Hobbyist,2.24,3.42,15000,45000,0.8
CR_0407,TikTok,Lifestyle,EU-West,16568,7.2,5.75,5.1,Pro,7.9,4.22,50000,55000,0.9
CR_0408,YouTube,Lifestyle,IE-East,28017,6.9,3.02,4.3,Pro,2.59,4.45,15000,45000,0.8
CR_0409,Instagram,Gaming,EU-West,61628,11.5,3.12,5.5,Hobbyist,0.49,4.79,50000,55000,0.9
CR_0410,TikTok,Lifestyle,IE-East,91420,4.1,5.49,9.7,Pro,8.93,4.96,15000,45000,0.8
CR_0411,TikTok,Education,IE-South,2323,5.7,4.33,10.0,Pro,5.81,3.37,8000,42000,0.6
CR_0412,Twitch,Lifestyle,EU-East,1024,5.7,4.18,7.6,Hobbyist,5.51,3.01,20000,35000,0.5
CR_0413,TikTok,Art,IE-South,283609,9.7,6.75,7.4,Hobbyist,8.65,5.45,8000,42000,0.6
CR_0414,YouTube,Lifestyle,EU-West,42814,4.7,2.53,3.7,Pro,2.71,4.63,50000,55000,0.9
CR_0415,YouTube,Education,EU-West,4929,5.8,4.89,6.0,Growing,6.88,3.69,50000,55000,0.9
CR_0416,YouTube,Comedy,US,490070,6.8,3.59,5.2,Pro,3.78,5.69,200000,65000,0.95
CR_0417,Instagram,Gaming,IE-South,27759,5.6,3.9,5.7,Growing,5.0,4.44,8000,42000,0.6
CR_0418,TikTok,Tech,EU-West,232953,3.7,5.79,6.9,Growing,9.73,5.37,50000,55000,0.9
CR_0419,YouTube,Lifestyle,US,25211,5.6,4.26,6.0,Hobbyist,5.72,4.4,200000,65000,0.95
CR_0420,TikTok,Education,EU-East,1357962,8.2,4.31,3.4,Pro,4.52,6.13,20000,35000,0.5
CR_0421,Instagram,Tech,IE-South,737249,1.9,5.11,8.4,Pro,9.27,5.87,8000,42000,0.6
CR_0422,TikTok,Tech,EU-West,13387,5.4,2.95,4.8,Growing,3.2,4.13,50000,55000,0.9
CR_0423,YouTube,Art,EU-East,153759,2.9,2.24,7.1,Growing,3.03,5.19,20000,35000,0.5
CR_0424,TikTok,Tech,EU-West,80077,8.6,1.93,7.9,Hobbyist,0.0,4.9,50000,55000,0.9
CR_0425,TikTok,Comedy,IE-East,340191,1.0,0.55,5.0,Pro,0.6,5.53,15000,45000,0.8
CR_0426,TikTok,Education,IE-East,3197,3.3,6.58,3.4,Pro,11.51,3.5,15000,45000,0.8
CR_0427,TikTok,Education,US,86864,6.1,1.85,5.1,Growing,0.65,4.94,200000,65000,0.95
CR_0428,Instagram,Lifestyle,IE-East,182928,9.7,3.17,7.3,Pro,1.49,5.26,15000,45000,0.8
CR_0430,Twitch,Lifestyle,IE-South,2066,3.3,3.96,5.2,Pro,6.27,3.32,8000,42000,0.6
CR_0432,YouTube,Tech,IE-East,12851,1.0,4.79,6.7,Growing,9.08,4.11,15000,45000,0.8
CR_0433,TikTok,Tech,IE-East,92511,1.0,2.63,7.1,Growing,4.76,4.97,15000,45000,0.8
CR_0434,TikTok,Art,US,444503,6.3,3.25,10.0,Growing,3.35,5.65,200000,65000,0.95
CR_0435,Instagram,Comedy,US,25544,3.5,3.92,4.7,Hobbyist,6.09,4.41,200000,65000,0.95
CR_0436,TikTok,Lifestyle,EU-West,572192,1.9,3.13,7.5,Growing,5.31,5.76,50000,55000,0.9
CR_0437,TikTok,Gaming,IE-South,1393,7.1,5.91,7.5,Pro,8.27,3.14,8000,42000,0.6
CR_0439,Instagram,Gaming,EU-West,19710,3.3,4.6,7.2,Hobbyist,7.55,4.29,50000,55000,0.9
CR_0440,Instagram,Tech,EU-West,47483,1.2,4.49,7.8,Pro,8.38,4.68,50000,55000,0.9
CR_0441,TikTok,Art,IE-East,20632,7.6,5.26,6.0,Pro,6.72,4.31,15000,45000,0.8
CR_0443,TikTok,Education,EU-East,18430,4.7,1.55,5.2,Pro,0.75,4.27,20000,35000,0.5
CR_0444,TikTok,Tech,US,1621,10.5,4.1,6.9,Hobbyist,2.95,3.21,200000,65000,0.95
CR_0445,Instagram,Tech,IE-East,84064,1.8,2.52,6.5,Growing,4.14,4.92,15000,45000,0.8
CR_0446,TikTok,Comedy,EU-East,45853,1.0,2.71,7.8,Growing,4.92,4.66,20000,35000,0.5
CR_0447,TikTok,Art,EU-West,3361,2.9,4.38,7.1,Growing,7.31,3.53,50000,55000,0.9
CR_0448,TikTok,Tech,IE-South,7881,4.9,5.36,8.6,Hobbyist,8.27,3.9,8000,42000,0.6
CR_0449,Instagram,Art,IE-East,2648,5.7,3.53,6.5,Hobbyist,4.21,3.42,15000,45000,0.8
CR_0450,Instagram,Comedy,IE-South,19431,4.3,3.96,4.2,Hobbyist,5.77,4.29,8000,42000,0.6
CR_0451,Instagram,Comedy,IE-South,148789,6.1,6.05,8.8,Hobbyist,9.05,5.17,8000,42000,0.6
CR_0452,Instagram,Education,IE-South,3067,1.2,3.86,6.0,Growing,7.12,3.49,8000,42000,0.6
CR_0453,TikTok,Art,EU-East,60360,9.3,7.4,5.8,Hobbyist,10.15,4.78,20000,35000,0.5
CR_0454,YouTube,Tech,EU-East,7627,4.8,4.35,5.9,Pro,6.3,3.88,20000,35000,0.5
CR_0455,TikTok,Tech,EU-West,4510,8.4,0.86,6.6,Pro,0.0,3.65,50000,55000,0.9
CR_0456,TikTok,Art,US,17781,6.0,4.63,3.5,Hobbyist,6.26,4.25,200000,65000,0.95
CR_0457,YouTube,Art,IE-South,2778,6.4,4.07,10.0,Growing,4.94,3.44,8000,42000,0.6
CR_0458,Twitch,Art,IE-East,7278,6.7,5.43,8.3,Pro,7.51,3.86,15000,45000,0.8
CR_0459,TikTok,Lifestyle,EU-West,2006,6.3,4.51,7.0,Pro,5.87,3.3,50000,55000,0.9
CR_0460,TikTok,Tech,IE-East,1120684,6.9,3.29,6.2,Growing,3.13,6.05,15000,45000,0.8
CR_0461,TikTok,Comedy,IE-South,23636,9.0,1.66,4.9,Pro,0.0,4.37,8000,42000,0.6
CR_0462,TikTok,Tech,IE-East,5434,5.6,3.19,7.2,Pro,3.58,3.74,15000,45000,0.8
CR_0463,Twitch,Lifestyle,IE-East,33791,7.1,2.22,6.5,Hobbyist,0.89,4.53,15000,45000,0.8
CR_0464,YouTube,Art,US,17594,4.7,2.63,7.3,Pro,2.91,4.25,200000,65000,0.95
CR_0465,YouTube,Education,IE-East,14158,9.3,4.38,6.4,Pro,4.11,4.15,15000,45000,0.8
CR_0466,Instagram,Art,IE-South,75232,3.0,6.0,6.9,Hobbyist,10.5,4.88,8000,42000,0.6
CR_0467,TikTok,Art,IE-East,100209,10.4,4.09,5.7,Growing,2.98,5.0,15000,45000,0.8
CR_0468,YouTube,Lifestyle,EU-West,7623,4.9,1.71,5.5,Pro,0.97,3.88,50000,55000,0.9
CR_0469,YouTube,Tech,IE-South,6962,1.0,4.17,9.1,Growing,7.84,3.84,8000,42000,0.6
CR_0470,YouTube,Art,EU-East,12706,5.4,5.29,7.8,Pro,7.88,4.1,20000,35000,0.5
CR_0472,Instagram,Gaming,IE-East,1063,7.5,3.3,7.1,Hobbyist,2.85,3.03,15000,45000,0.8
CR_0473,TikTok,Comedy,EU-West,338997,3.0,3.52,7.3,Hobbyist,5.54,5.53,50000,55000,0.9
CR_0474,Instagram,Tech,IE-East,591215,3.7,2.32,6.5,Growing,2.79,5.77,15000,45000,0.8
CR_0475,TikTok,Education,IE-South,13385,1.0,4.47,6.8,Pro,8.44,4.13,8000,42000,0.6
CR_0476,TikTok,Comedy,IE-South,69780,3.6,3.32,8.5,Growing,4.84,4.84,8000,42000,0.6
CR_0477,TikTok,Education,US,41048,1.0,4.13,8.8,Pro,7.76,4.61,200000,65000,0.95
CR_0478,TikTok,Art,IE-East,10404631,1.0,2.17,6.1,Hobbyist,3.84,7.02,15000,45000,0.8
CR_0479,YouTube,Comedy,EU-West,206726,7.3,2.84,6.6,Pro,2.03,5.32,50000,55000,0.9
CR_0480,Instagram,Tech,IE-East,17054,7.4,4.58,5.1,Hobbyist,5.46,4.23,15000,45000,0.8
CR_0481,Twitch,Comedy,IE-South,3258,6.3,2.94,4.1,Pro,2.73,3.51,8000,42000,0.6
CR_0483,YouTube,Lifestyle,US,33088,4.9,2.9,7.8,Hobbyist,3.35,4.52,200000,65000,0.95
CR_0484,TikTok,Education,IE-East,4852,5.0,3.84,8.1,Hobbyist,5.18,3.69,15000,45000,0.8
CR_0485,TikTok,Art,IE-East,1281,1.5,4.9,8.1,Pro,9.05,3.11,15000,45000,0.8
CR_0486,YouTube,Lifestyle,IE-South,6044,9.5,1.37,5.6,Hobbyist,0.0,3.78,8000,42000,0.6
CR_0487,YouTube,Comedy,IE-East,2532,7.6,0.86,5.3,Growing,0.0,3.4,15000,45000,0.8
CR_0488,Instagram,Comedy,IE-East,643246,4.3,1.21,4.4,Growing,0.27,5.81,15000,45000,0.8
CR_0489,TikTok,Art,EU-West,128448,5.1,5.39,7.6,Hobbyist,8.23,5.11,50000,55000,0.9
CR_0490,TikTok,Tech,IE-East,21678,5.6,2.67,7.4,Growing,2.54,4.34,15000,45000,0.8
CR_0491,YouTube,Comedy,IE-East,425018,1.0,7.34,8.5,Hobbyist,14.18,5.63,15000,45000,0.8
CR_0492,TikTok,Tech,EU-East,25712,4.3,2.65,8.3,Hobbyist,3.15,4.41,20000,35000,0.5
CR_0493,TikTok,Tech,IE-South,3934,3.0,3.78,8.1,Pro,6.06,3.59,8000,42000,0.6
CR_0494,Instagram,Tech,IE-East,463354,2.0,5.81,7.8,Hobbyist,10.62,5.67,15000,45000,0.8
CR_0495,TikTok,Gaming,IE-East,64719,4.2,6.51,8.7,Pro,10.92,4.81,15000,45000,0.8
CR_0496,Instagram,Lifestyle,EU-West,2766,10.4,6.59,6.5,Growing,7.98,3.44,50000,55000,0.9
CR_0497,TikTok,Lifestyle,IE-East,15052,6.9,5.31,5.4,Growing,7.17,4.18,15000,45000,0.8
CR_0498,TikTok,Comedy,IE-South,3822,3.3,5.04,6.9,Pro,8.43,3.58,8000,42000,0.6
CR_0499,TikTok,Comedy,IE-East,1386,6.7,4.39,5.5,Growing,5.43,3.14,15000,45000,0.8
